conversion_id,click_id,campaign_id,customer_id,product_id,conversion_date,revenue
1,9,42,1107,3,2024-12-20,95.81
2,11,21,5434,4,2026-01-16,195.56
3,24,47,5072,4,2024-10-11,183.07
4,55,2,3238,10,2024-11-12,92.03
5,57,56,4308,1,2024-12-16,69.41
6,60,36,1114,10,2025-03-18,78.39
7,63,56,3737,1,2024-12-11,191.69
8,68,48,3094,10,2026-02-15,137.31
9,69,6,3969,2,2025-03-05,70.3
10,70,23,5973,10,2026-01-20,194.61
11,75,20,3749,6,2025-05-16,50.27
12,82,15,676,7,2026-05-21,74.85
13,90,36,5999,10,2025-04-08,192.22
14,112,19,310,1,2025-04-06,88.12
15,118,50,2525,5,2025-05-05,205.07
16,126,10,448,3,2026-01-12,139.48
17,132,48,429,10,2026-02-14,142.97
18,142,1,4170,8,2025-04-27,394.32
19,159,51,1842,3,2025-10-06,71.21
20,168,26,537,4,2025-10-30,178.95
21,169,17,526,1,2024-12-24,86.66
22,183,6,2990,2,2025-03-04,76.9
23,191,23,3579,10,2025-12-29,182.43
24,193,40,1684,6,2026-02-25,163.11
25,197,58,2527,6,2025-06-05,96.32
26,219,58,1691,6,2025-05-29,126.38
27,230,20,3072,6,2025-05-04,142.08
28,241,49,125,4,2025-09-18,125.29
29,243,35,3849,10,2025-05-30,120.65
30,252,55,3563,7,2025-08-21,100.74
31,281,6,4242,2,2025-01-19,193.24
32,282,54,5799,5,2025-09-15,383.86
33,290,17,605,1,2024-12-29,102.61
34,293,35,4684,10,2025-05-24,92.08
35,294,1,5860,8,2025-05-07,378.32
36,311,37,3011,10,2025-01-18,62.22
37,319,60,2624,5,2025-04-21,531.82
38,324,15,4630,7,2026-05-31,89.7
39,333,37,5659,10,2025-01-10,189.07
40,339,32,3891,9,2024-10-02,430.9
41,341,48,5742,10,2026-02-11,89.01
42,353,35,4324,10,2025-05-22,121.54
43,355,46,2945,8,2025-01-07,806.99
44,363,26,2860,4,2025-11-06,113.49
45,372,15,4184,7,2026-05-09,87.63
46,373,26,5985,4,2025-10-30,84.7
47,375,58,1784,6,2025-05-06,129.67
48,386,45,4510,9,2026-05-17,534.71
49,392,42,4230,3,2025-01-27,94.94
50,398,41,946,9,2026-02-15,542.06
51,403,26,4336,4,2025-11-05,116.39
52,433,48,1432,10,2026-01-29,142.9
53,462,29,968,7,2025-05-24,29.41
54,465,37,4190,10,2025-01-29,187.95
55,484,60,1479,5,2025-04-13,559.67
56,487,41,4352,9,2026-01-28,479.77
57,493,4,925,3,2024-12-11,75.83
58,495,7,2922,7,2026-05-19,51.28
59,521,36,2927,10,2025-04-14,181.9
60,535,37,4665,10,2025-01-07,165.23
61,554,60,4234,5,2025-04-29,655.95
62,573,44,1423,9,2025-01-14,287.12
63,588,10,2720,3,2025-11-29,54.53
64,591,21,1147,4,2026-01-17,125.7
65,622,55,3109,7,2025-08-19,94.71
66,627,14,3580,6,2024-11-19,183.14
67,686,29,574,7,2025-04-17,36.92
68,691,22,5375,7,2024-10-19,40.48
69,693,39,2925,7,2024-12-22,25.23
70,714,12,5182,5,2024-07-23,872.18
71,717,58,5726,6,2025-05-09,82.85
72,731,12,5482,5,2024-07-26,444.48
73,751,20,4545,6,2025-05-24,181.57
74,752,35,1325,10,2025-06-09,78.6
75,754,49,2216,4,2025-09-03,84.81
76,759,49,3379,4,2025-10-25,50.83
77,761,50,2381,5,2025-03-17,832.67
78,782,54,877,5,2025-09-18,869.94
79,791,28,177,8,2025-05-04,885.35
80,805,59,5578,7,2026-04-25,69.97
81,808,60,5752,5,2025-04-30,814.38
82,838,24,3161,9,2025-10-24,186.13
83,842,38,2813,5,2025-11-18,693.81
84,852,16,927,2,2025-01-22,164.2
85,861,31,4984,6,2025-01-28,191.5
86,866,34,5237,8,2025-06-12,1204.65
87,873,34,791,8,2025-06-30,959.99
88,894,7,4032,7,2026-05-29,63.6
89,903,10,1261,3,2026-01-06,112.98
90,906,3,3889,4,2025-12-12,140.98
91,913,17,3161,1,2024-12-09,145.59
92,918,26,5026,4,2025-10-28,141.63
93,941,35,5684,10,2025-06-04,83.25
94,963,59,5805,7,2026-04-25,34.91
95,986,33,96,5,2026-03-07,515.79
96,988,43,2895,5,2026-01-26,610.99
97,990,44,651,9,2024-12-28,174.64
98,1032,45,2677,9,2026-05-18,469.68
99,1054,13,2107,9,2024-09-01,186.05
100,1077,45,2266,9,2026-04-25,107.29
101,1112,4,1939,3,2024-12-09,151.31
102,1131,53,693,10,2026-05-18,67.84
103,1169,20,1165,6,2025-04-24,147.34
104,1170,19,2623,1,2025-06-03,168.59
105,1198,50,1309,5,2025-03-30,777.58
106,1216,4,5231,3,2024-12-25,95.49
107,1225,11,3191,6,2024-09-18,56.39
108,1250,45,3579,9,2026-05-13,195.75
109,1255,17,3011,1,2024-12-21,194.36
110,1269,58,4093,6,2025-05-18,193.07
111,1275,52,2781,6,2025-03-18,171.66
112,1279,10,1483,3,2026-01-14,97.75
113,1283,42,3162,3,2025-01-08,58.35
114,1302,39,1875,7,2024-11-29,72.51
115,1304,56,1159,1,2024-12-28,89.15
116,1308,56,584,1,2024-12-20,106.22
117,1309,10,1513,3,2025-12-30,50.15
118,1331,17,4494,1,2025-01-06,151.34
119,1338,4,5195,3,2025-01-24,112.57
120,1354,45,3765,9,2026-04-13,492.35
121,1374,28,4192,8,2025-05-06,543.77
122,1376,35,5792,10,2025-05-18,144.65
123,1384,56,5436,1,2024-12-23,54.82
124,1387,37,490,10,2025-01-12,91.33
125,1422,5,517,2,2024-11-06,191.79
126,1447,39,343,7,2024-12-14,103.44
127,1459,23,4569,10,2026-01-18,143.57
128,1466,29,3058,7,2025-05-14,103.61
129,1467,23,2630,10,2025-12-31,90.55
130,1475,27,5294,8,2024-11-04,1296.62
131,1502,41,4366,9,2026-02-04,488.53
132,1516,60,2980,5,2025-04-21,708.94
133,1530,49,293,4,2025-10-07,195.46
134,1540,22,1340,7,2024-10-13,53.98
135,1545,39,2987,7,2024-12-07,59.33
136,1573,51,3468,3,2025-09-16,155.87
137,1574,52,2283,6,2025-04-04,99.49
138,1576,60,2320,5,2025-04-16,485.91
139,1582,58,2981,6,2025-05-29,81.58
140,1592,37,1727,10,2025-01-18,189.92
141,1609,44,4499,9,2025-01-07,164.16
142,1634,15,5734,7,2026-04-28,60.98
143,1635,34,1577,8,2025-07-02,454.14
144,1641,22,1083,7,2024-10-09,99.89
145,1643,35,5109,10,2025-06-02,78.08
146,1646,14,870,6,2024-12-08,110.63
147,1659,50,3743,5,2025-05-01,595.62
148,1675,14,4505,6,2024-12-09,117.61
149,1682,26,5314,4,2025-10-27,125.19
150,1684,27,5043,8,2024-10-27,484.7
151,1696,13,3647,9,2024-09-07,358.53
152,1728,11,5922,6,2024-08-30,180.96
153,1763,34,70,8,2025-06-26,1470.68
154,1783,1,5392,8,2025-04-22,1468.35
155,1788,34,1774,8,2025-06-27,1111.5
156,1793,38,622,5,2025-11-16,665.11
157,1814,37,4717,10,2025-01-19,177.89
158,1817,60,225,5,2025-05-01,443.08
159,1840,10,3307,3,2026-01-06,165.13
160,1851,24,2058,9,2025-10-09,415.29
161,1860,57,2057,3,2024-10-19,197.81
162,1868,21,1554,4,2026-01-16,50.38
163,1876,53,1126,10,2026-05-11,150.42
164,1916,36,5428,10,2025-05-02,67.57
165,1922,10,5461,3,2026-01-07,128.32
166,1926,8,4167,10,2025-08-01,166.66
167,1928,53,4429,10,2026-05-08,57.81
168,1959,47,3351,4,2024-11-02,142.1
169,1978,6,4663,2,2025-01-20,137.35
170,1986,59,3258,7,2026-05-07,94.47
171,1990,34,628,8,2025-06-18,747.94
172,1991,29,225,7,2025-06-03,111.41
173,1995,35,3823,10,2025-06-06,192.75
174,2002,58,541,6,2025-05-30,179.52
175,2010,6,3938,2,2025-01-25,92.27
176,2012,48,2677,10,2026-02-09,64.78
177,2017,45,1975,9,2026-04-26,587.64
178,2030,41,4056,9,2026-02-05,218.91
179,2039,27,5335,8,2024-11-01,872.85
180,2042,12,4025,5,2024-08-03,696.27
181,2062,48,4582,10,2026-02-16,171.08
182,2067,15,4453,7,2026-04-23,86.84
183,2068,4,2428,3,2024-12-04,75.48
184,2091,5,372,2,2024-11-13,96.93
185,2119,39,5223,7,2024-12-12,105.05
186,2122,34,4450,8,2025-06-24,1483.29
187,2128,31,491,6,2025-01-27,57.52
188,2134,6,3661,2,2025-03-06,66.71
189,2135,20,2605,6,2025-05-06,181.3
190,2145,9,2432,3,2024-09-04,150.5
191,2179,60,1343,5,2025-04-22,532.68
192,2181,24,1501,9,2025-10-10,557.1
193,2186,30,1953,10,2024-11-18,184.5
194,2199,44,3200,9,2025-01-06,586.79
195,2210,18,5500,6,2025-04-27,176.91
196,2211,6,4387,2,2025-02-08,172.42
197,2218,42,4075,3,2024-12-30,192.72
198,2222,32,5837,9,2024-10-31,158.75
199,2225,54,1240,5,2025-09-12,642.55
200,2232,27,1567,8,2024-10-30,1332.54
201,2233,59,3998,7,2026-04-30,33.21
202,2236,51,2148,3,2025-09-11,131.64
203,2248,55,2205,7,2025-07-14,65.59
204,2252,36,5922,10,2025-04-06,68.73
205,2304,48,5431,10,2026-02-06,109.13
206,2307,3,5641,4,2025-12-17,79.19
207,2322,40,792,6,2026-03-02,77.04
208,2348,53,5581,10,2026-05-09,198.13
209,2361,46,5727,8,2025-02-02,301.33
210,2375,45,332,9,2026-05-10,441.82
211,2384,16,3669,2,2025-01-20,151.63
212,2404,4,4312,3,2024-12-08,76.53
213,2407,36,1015,10,2025-03-19,97.19
214,2415,41,1743,9,2026-02-01,215.6
215,2423,29,2643,7,2025-05-21,39.28
216,2430,43,2833,5,2026-01-18,840.52
217,2433,9,4486,3,2024-09-07,199.02
218,2452,22,1836,7,2024-10-31,86.79
219,2488,60,3057,5,2025-04-19,313.48
220,2490,16,62,2,2025-01-18,70.98
221,2498,46,1376,8,2025-01-24,514.73
222,2509,7,73,7,2026-05-31,38.36
223,2520,45,5998,9,2026-05-30,598.69
224,2522,30,2584,10,2024-11-17,171.12
225,2547,15,1581,7,2026-05-09,82.11
226,2590,27,4507,8,2024-10-27,1189.02
227,2592,54,5034,5,2025-09-19,875.1
228,2601,44,1568,9,2024-12-29,323.83
229,2617,14,3103,6,2024-11-22,114.1
230,2624,47,3346,4,2024-10-22,119.81
231,2627,17,3371,1,2024-12-13,157.24
232,2631,8,1928,10,2025-08-09,54.0
233,2633,5,2362,2,2024-11-02,141.12
234,2642,22,4797,7,2024-10-30,105.51
235,2644,54,1815,5,2025-09-23,358.1
236,2653,29,3908,7,2025-04-07,46.21
237,2670,7,4887,7,2026-05-22,48.36
238,2674,54,1483,5,2025-09-22,254.57
239,2699,29,1129,7,2025-04-16,59.23
240,2727,57,4929,3,2024-10-11,190.04
241,2738,23,1724,10,2026-01-10,162.37
242,2751,53,1793,10,2026-05-19,106.19
243,2763,20,5427,6,2025-05-22,140.07
244,2766,9,2823,3,2024-09-12,50.02
245,2768,9,3116,3,2024-08-31,68.62
246,2774,20,5978,6,2025-04-26,61.59
247,2836,25,1901,9,2024-11-17,340.97
248,2843,29,2425,7,2025-05-12,57.48
249,2855,33,4943,5,2026-03-23,859.24
250,2858,42,5595,3,2024-12-16,182.79
251,2869,3,3371,4,2025-12-06,179.07
252,2872,8,4160,10,2025-08-12,128.92
253,2878,44,2883,9,2025-01-15,353.12
254,2896,16,4630,2,2025-02-16,165.97
255,2932,49,3660,4,2025-09-11,55.72
256,2955,16,3335,2,2025-03-07,187.99
257,2958,33,3960,5,2026-02-09,748.33
258,2960,47,1479,4,2024-11-08,129.65
259,2965,20,2303,6,2025-04-25,191.63
260,2973,53,2169,10,2026-05-15,163.6
261,2980,21,3965,4,2026-01-17,186.4
262,2990,38,986,5,2025-11-24,633.83
263,2996,56,4628,1,2024-12-24,190.03
264,2998,43,3516,5,2026-01-18,361.78
265,3002,9,2315,3,2024-09-10,163.92
266,3018,15,4655,7,2026-05-13,102.77
267,3021,34,2409,8,2025-06-22,578.42
268,3026,11,4121,6,2024-08-26,81.36
269,3033,53,1953,10,2026-05-18,55.57
270,3038,19,2283,1,2025-05-03,129.17
271,3043,3,1012,4,2025-12-11,97.76
272,3047,11,2643,6,2024-09-21,163.86
273,3050,33,925,5,2026-01-31,405.91
274,3053,55,1571,7,2025-07-19,40.74
275,3057,25,5836,9,2024-12-14,470.89
276,3067,27,968,8,2024-11-01,698.17
277,3078,36,1020,10,2025-04-20,184.87
278,3080,29,5734,7,2025-05-28,76.77
279,3082,15,1222,7,2026-05-17,37.48
280,3084,35,5326,10,2025-05-18,146.45
281,3107,25,5826,9,2024-12-16,537.44
282,3118,8,3399,10,2025-07-18,193.48
283,3119,45,552,9,2026-05-28,556.2
284,3123,4,5272,3,2024-12-01,75.05
285,3139,41,379,9,2026-02-21,380.73
286,3162,11,953,6,2024-09-25,66.5
287,3163,56,2990,1,2024-12-16,150.78
288,3171,59,5195,7,2026-04-22,99.06
289,3176,32,3738,9,2024-11-09,136.76
290,3196,21,194,4,2026-01-16,57.32
291,3203,57,3537,3,2024-11-12,93.58
292,3243,51,1361,3,2025-08-29,96.81
293,3248,25,3046,9,2024-12-09,224.61
294,3258,1,2905,8,2025-04-17,1457.98
295,3267,28,3638,8,2025-04-14,983.17
296,3270,44,5140,9,2024-12-28,592.87
297,3280,25,510,9,2024-12-26,442.37
298,3285,2,5419,10,2024-11-26,187.46
299,3287,28,2210,8,2025-05-08,494.14
300,3290,22,4286,7,2024-10-19,47.82
301,3293,60,5749,5,2025-05-01,627.78
302,3296,15,5180,7,2026-05-17,92.07
303,3297,24,4184,9,2025-11-10,367.76
304,3317,45,5386,9,2026-04-14,298.57
305,3323,18,3835,6,2025-04-25,197.75
306,3324,50,3561,5,2025-04-13,566.87
307,3334,2,4515,10,2024-11-02,92.2
308,3336,35,248,10,2025-05-26,167.53
309,3351,15,3140,7,2026-05-24,100.98
310,3388,27,1780,8,2024-10-27,372.03
311,3392,51,121,3,2025-09-24,127.7
312,3404,49,3896,4,2025-09-03,135.29
313,3424,56,3602,1,2024-12-22,193.36
314,3433,34,3193,8,2025-06-18,922.22
315,3446,10,3706,3,2025-11-26,52.8
316,3447,54,924,5,2025-09-18,547.42
317,3454,19,3496,1,2025-04-18,51.38
318,3455,38,3930,5,2025-11-19,736.61
319,3456,54,1210,5,2025-09-18,641.78
320,3460,17,2082,1,2024-12-11,68.17
321,3465,17,773,1,2025-01-01,143.18
322,3489,3,3270,4,2025-12-19,170.56
323,3496,11,1944,6,2024-08-22,141.59
324,3503,58,2095,6,2025-05-03,55.84
325,3536,49,1780,4,2025-10-01,177.48
326,3541,50,1968,5,2025-03-27,768.95
327,3557,32,5810,9,2024-10-10,255.4
328,3576,9,4750,3,2024-09-12,199.98
329,3584,39,3485,7,2024-12-03,112.48
330,3595,20,3291,6,2025-05-08,137.09
331,3596,53,5587,10,2026-05-25,126.92
332,3627,10,3680,3,2026-01-05,98.22
333,3633,41,5425,9,2026-02-05,115.9
334,3643,37,1317,10,2025-01-27,89.32
335,3660,46,1547,8,2024-12-31,1024.23
336,3700,5,810,2,2024-11-10,194.48
337,3722,52,554,6,2025-03-11,150.9
338,3744,40,718,6,2026-03-03,175.71
339,3748,22,2892,7,2024-10-27,106.58
340,3764,47,1630,4,2024-10-18,90.85
341,3767,14,5493,6,2024-12-14,121.64
342,3774,46,2037,8,2025-01-28,667.85
343,3802,45,3144,9,2026-04-16,402.6
344,3811,54,1925,5,2025-09-26,695.55
345,3826,17,5663,1,2024-12-13,70.58
346,3831,23,3997,10,2026-01-14,71.0
347,3847,13,4045,9,2024-09-13,168.38
348,3857,1,4047,8,2025-04-29,718.24
349,3859,47,5069,4,2024-10-26,169.15
350,3887,6,2400,2,2025-02-15,75.77
351,3888,17,1756,1,2024-12-02,142.68
352,3898,43,3043,5,2026-01-18,452.66
353,3929,17,5525,1,2024-12-05,85.96
354,3956,54,1676,5,2025-09-23,374.7
355,3960,10,2565,3,2026-01-21,84.41
356,3966,31,3164,6,2025-01-23,193.84
357,3969,46,2538,8,2025-01-20,868.77
358,3981,48,1391,10,2026-01-29,75.15
359,3984,56,3511,1,2024-12-12,99.37
360,3993,24,5773,9,2025-10-17,306.75
361,4003,17,2233,1,2024-12-11,171.4
362,4018,18,274,6,2025-03-29,62.19
363,4026,20,5223,6,2025-05-16,148.76
364,4049,21,1364,4,2026-01-19,166.36
365,4050,12,1233,5,2024-08-08,341.29
366,4060,38,123,5,2025-11-14,741.58
367,4072,6,5762,2,2025-02-02,63.93
368,4085,28,579,8,2025-05-11,1052.15
369,4112,29,4247,7,2025-05-08,55.81
370,4114,56,3266,1,2024-12-20,170.76
371,4119,14,3467,6,2024-12-09,95.28
372,4122,12,4563,5,2024-07-27,533.82
373,4124,7,1514,7,2026-05-21,78.8
374,4127,30,3294,10,2024-11-23,117.0
375,4135,60,4916,5,2025-05-01,606.49
376,4153,19,934,1,2025-05-27,99.3
377,4172,19,5488,1,2025-04-23,106.61
378,4207,10,3859,3,2026-01-26,79.98
379,4210,57,2181,3,2024-10-14,190.39
380,4223,28,4316,8,2025-05-16,1483.65
381,4244,17,5125,1,2024-12-11,110.88
382,4250,25,2947,9,2024-12-31,492.98
383,4263,9,433,3,2024-09-07,59.85
384,4264,10,1743,3,2025-12-16,130.63
385,4265,19,4987,1,2025-05-26,98.99
386,4275,27,1472,8,2024-10-28,1179.85
387,4286,5,1361,2,2024-11-03,135.49
388,4291,36,3072,10,2025-03-20,187.32
389,4309,7,1554,7,2026-06-06,61.53
390,4313,45,5684,9,2026-05-27,566.76
391,4344,30,4352,10,2024-11-26,120.92
392,4346,56,925,1,2024-12-21,70.27
393,4349,30,1938,10,2024-11-29,94.75
394,4357,48,3486,10,2026-02-02,167.75
395,4365,57,187,3,2024-10-19,145.83
396,4376,12,2258,5,2024-07-27,696.71
397,4385,1,3697,8,2025-03-28,1238.33
398,4388,19,3608,1,2025-05-19,91.69
399,4403,35,1543,10,2025-06-08,113.84
400,4419,29,3586,7,2025-04-19,108.54
401,4426,29,2363,7,2025-04-15,37.49
402,4446,3,2068,4,2025-12-11,74.55
403,4455,47,1433,4,2024-11-14,169.11
404,4463,20,4521,6,2025-04-24,118.69
405,4497,19,2946,1,2025-05-21,181.35
406,4522,41,1065,9,2026-02-04,492.19
407,4549,10,3590,3,2025-12-13,134.3
408,4572,49,4882,4,2025-09-03,141.68
409,4574,6,516,2,2025-01-29,161.58
410,4576,58,2357,6,2025-05-27,155.31
411,4581,51,3612,3,2025-09-07,153.39
412,4585,52,78,6,2025-02-27,192.41
413,4594,59,439,7,2026-05-01,65.26
414,4603,28,516,8,2025-05-09,995.37
415,4610,8,5413,10,2025-08-09,76.0
416,4622,37,1589,10,2025-01-05,51.89
417,4643,9,1016,3,2024-09-14,162.91
418,4658,32,4884,9,2024-10-13,510.22
419,4698,5,85,2,2024-11-14,184.36
420,4700,54,5441,5,2025-09-12,540.74
421,4706,39,407,7,2024-12-01,100.83
422,4720,14,1264,6,2024-11-30,197.45
423,4749,15,1135,7,2026-05-29,74.04
424,4754,35,3728,10,2025-06-06,163.45
425,4762,45,715,9,2026-04-13,236.96
426,4769,10,4755,3,2026-01-20,148.07
427,4775,29,5539,7,2025-05-19,117.95
428,4783,9,301,3,2024-09-06,131.83
429,4794,16,3673,2,2025-03-01,180.47
430,4796,55,2415,7,2025-08-19,96.35
431,4818,15,3043,7,2026-05-10,116.43
432,4832,56,3221,1,2024-12-20,66.03
433,4861,39,356,7,2024-12-27,94.28
434,4865,22,1249,7,2024-10-22,35.69
435,4876,3,2439,4,2025-12-14,196.8
436,4884,46,3635,8,2024-12-30,1275.21
437,4916,53,3226,10,2026-05-10,88.47
438,4930,6,1685,2,2025-03-14,136.76
439,4956,31,1784,6,2025-01-26,146.39
440,4970,25,1374,9,2024-11-18,224.21
441,5002,55,5273,7,2025-07-28,34.31
442,5011,10,2653,3,2025-12-04,171.53
443,5025,59,2968,7,2026-05-06,79.45
444,5034,40,3149,6,2026-03-05,97.01
445,5080,38,2655,5,2025-11-16,229.54
446,5082,48,2364,10,2026-02-05,123.32
447,5083,45,5088,9,2026-04-19,326.02
448,5101,57,3266,3,2024-10-24,163.21
449,5103,47,3997,4,2024-10-26,60.73
450,5107,39,1636,7,2024-12-24,78.53
451,5120,53,5424,10,2026-05-12,174.55
452,5131,51,1943,3,2025-08-28,142.57
453,5142,1,4431,8,2025-04-24,1341.07
454,5145,11,1705,6,2024-08-31,61.48
455,5155,56,5252,1,2024-12-14,132.3
456,5156,14,3799,6,2024-12-02,138.09
457,5166,13,3960,9,2024-09-14,353.11
458,5175,46,4794,8,2025-02-04,432.44
459,5185,39,442,7,2024-12-02,65.82
460,5213,36,5728,10,2025-03-18,51.48
461,5232,52,2926,6,2025-04-05,91.67
462,5239,9,3066,3,2024-09-12,156.03
463,5247,41,2874,9,2026-01-25,240.13
464,5250,24,3667,9,2025-10-20,309.47
465,5251,29,5344,7,2025-05-16,44.92
466,5252,54,673,5,2025-09-20,442.98
467,5258,23,11,10,2026-01-04,60.37
468,5259,37,3098,10,2025-01-26,188.19
469,5260,2,5007,10,2024-11-12,175.22
470,5261,58,3375,6,2025-05-19,153.94
471,5262,14,3140,6,2024-12-05,87.12
472,5277,35,2952,10,2025-05-29,113.27
473,5297,55,1430,7,2025-08-06,95.18
474,5312,52,4672,6,2025-03-30,62.57
475,5322,28,1378,8,2025-04-15,304.17
476,5328,25,2939,9,2025-01-05,586.34
477,5343,35,3737,10,2025-05-16,95.06
478,5344,8,3203,10,2025-07-20,171.39
479,5358,27,3252,8,2024-10-24,537.08
480,5365,51,2919,3,2025-10-09,151.64
481,5366,36,3803,10,2025-04-06,95.35
482,5369,29,3090,7,2025-04-22,66.8
483,5377,50,1012,5,2025-03-21,688.55
484,5388,60,5629,5,2025-04-12,276.3
485,5420,20,880,6,2025-05-25,74.06
486,5424,7,5255,7,2026-05-28,55.02
487,5463,7,5760,7,2026-06-01,75.38
488,5480,50,4401,5,2025-04-02,810.47
489,5482,37,3475,10,2025-01-10,91.62
490,5483,12,3897,5,2024-07-27,347.27
491,5493,46,2958,8,2025-02-02,556.06
492,5494,42,2395,3,2025-01-19,149.43
493,5522,45,3496,9,2026-05-03,183.15
494,5539,10,3727,3,2025-12-23,102.27
495,5553,19,1851,1,2025-04-21,104.16
496,5558,44,1357,9,2025-01-04,393.04
497,5561,18,4051,6,2025-04-21,151.12
498,5562,41,2180,9,2026-02-07,260.91
499,5568,51,4877,3,2025-10-04,141.19
500,5575,6,2064,2,2025-01-26,139.4
501,5577,42,4160,3,2024-11-29,170.77
502,5580,4,5321,3,2025-01-01,80.53
503,5616,14,5449,6,2024-11-23,100.99
504,5619,47,3793,4,2024-10-06,143.51
505,5625,50,1554,5,2025-04-11,331.75
506,5630,41,2676,9,2026-01-31,484.54
507,5635,52,740,6,2025-04-03,174.65
508,5636,25,3891,9,2024-12-28,143.08
509,5640,46,46,8,2024-12-30,1467.87
510,5647,60,1083,5,2025-04-15,744.1
511,5667,17,5630,1,2025-01-06,84.27
512,5678,5,855,2,2024-10-31,80.91
513,5750,25,2676,9,2024-12-23,320.95
514,5755,24,2023,9,2025-11-19,578.45
515,5757,1,5495,8,2025-04-22,755.75
516,5769,33,4016,5,2026-03-08,831.45
517,5772,7,4983,7,2026-05-23,115.12
518,5776,35,3103,10,2025-05-26,69.71
519,5793,25,3429,9,2024-12-08,173.57
520,5816,58,3971,6,2025-05-26,50.96
521,5829,45,4325,9,2026-04-25,252.65
522,5852,27,1395,8,2024-11-01,1145.63
523,5859,50,3973,5,2025-03-26,820.84
524,5887,32,5073,9,2024-11-02,371.93
525,5947,53,4968,10,2026-05-06,134.63
526,5958,55,2084,7,2025-07-25,46.9
527,5959,57,4220,3,2024-11-13,149.52
528,5980,56,1728,1,2024-12-20,127.42
529,5998,3,1589,4,2025-12-07,160.12
530,6001,11,5141,6,2024-09-22,54.26
531,6002,52,5827,6,2025-03-25,127.6
532,6010,13,3714,9,2024-09-09,488.23
533,6013,52,3663,6,2025-03-21,167.42
534,6030,13,1243,9,2024-09-02,405.82
535,6045,9,4149,3,2024-09-08,121.85
536,6090,38,2604,5,2025-11-20,799.89
537,6107,36,2780,10,2025-04-28,93.01
538,6126,50,3767,5,2025-04-03,533.92
539,6127,40,4962,6,2026-03-14,71.95
540,6133,41,1686,9,2026-02-09,220.76
541,6135,41,4463,9,2026-01-30,337.6
542,6139,12,772,5,2024-07-25,727.35
543,6142,55,4078,7,2025-07-13,60.97
544,6149,48,3852,10,2026-01-27,178.96
545,6172,36,2328,10,2025-05-05,184.49
546,6179,30,5752,10,2024-11-28,178.1
547,6211,37,4981,10,2025-01-19,88.4
548,6217,42,862,3,2025-01-25,196.74
549,6226,9,4917,3,2024-09-04,152.42
550,6227,53,4069,10,2026-05-28,59.21
551,6246,37,4392,10,2025-01-09,161.55
552,6250,55,2109,7,2025-07-27,76.95
553,6276,48,4821,10,2026-02-09,79.3
554,6281,12,3580,5,2024-08-07,580.26
555,6283,42,2643,3,2024-12-25,133.68
556,6285,36,3736,10,2025-04-17,130.24
557,6291,12,4524,5,2024-07-27,780.51
558,6311,44,4331,9,2025-01-16,550.17
559,6328,5,1986,2,2024-11-02,82.06
560,6355,46,3612,8,2025-01-13,1202.54
561,6358,32,3439,9,2024-10-14,333.18
562,6371,18,3345,6,2025-04-12,131.02
563,6380,12,674,5,2024-07-23,734.38
564,6381,32,1787,9,2024-09-30,257.24
565,6383,39,1494,7,2024-12-04,30.16
566,6387,39,3065,7,2024-12-12,69.13
567,6406,3,5230,4,2025-12-05,113.96
568,6408,58,5304,6,2025-05-17,177.82
569,6421,52,386,6,2025-04-10,143.15
570,6422,35,867,10,2025-06-01,120.16
571,6423,58,2345,6,2025-05-14,116.2
572,6425,11,1384,6,2024-09-24,133.24
573,6434,1,3769,8,2025-04-06,501.18
574,6449,7,2698,7,2026-06-10,72.09
575,6450,43,4110,5,2026-01-24,200.16
576,6458,18,1131,6,2025-03-17,91.61
577,6459,33,373,5,2026-01-28,614.9
578,6467,11,5453,6,2024-08-27,175.88
579,6472,33,3599,5,2026-03-06,277.25
580,6501,48,1448,10,2026-01-29,189.55
581,6520,16,585,2,2025-01-20,108.34
582,6547,43,2556,5,2026-01-31,718.36
583,6557,34,4592,8,2025-06-30,1032.61
584,6573,27,1003,8,2024-10-26,1056.85
585,6574,26,581,4,2025-10-30,121.18
586,6583,6,2300,2,2025-02-26,84.1
587,6593,52,917,6,2025-02-17,102.12
588,6594,27,2262,8,2024-10-26,1226.13
589,6604,60,4336,5,2025-04-29,230.78
590,6637,45,3962,9,2026-05-27,460.26
591,6651,4,112,3,2024-12-19,132.7
592,6660,60,5051,5,2025-04-16,623.68
593,6677,50,5599,5,2025-04-23,368.63
594,6695,46,2730,8,2025-01-25,797.54
595,6711,3,5197,4,2025-12-07,195.97
596,6725,59,4737,7,2026-04-20,37.07
597,6738,46,5025,8,2025-02-07,918.24
598,6780,45,3118,9,2026-04-08,577.27
599,6788,23,504,10,2026-01-02,116.26
600,6791,14,3409,6,2024-11-23,84.57
601,6812,27,3788,8,2024-10-31,816.92
602,6818,51,5097,3,2025-09-09,170.02
603,6836,9,2053,3,2024-08-27,63.48
604,6851,34,4345,8,2025-06-19,985.83
605,6854,53,5796,10,2026-05-14,99.25
606,6864,44,2041,9,2024-12-22,173.31
607,6894,51,3717,3,2025-10-03,170.72
608,6901,47,4715,4,2024-10-05,91.55
609,6903,55,136,7,2025-07-30,114.84
610,6910,34,1356,8,2025-06-14,306.14
611,6927,36,4844,10,2025-03-29,197.42
612,6930,34,257,8,2025-06-27,1142.79
613,6936,49,3109,4,2025-10-10,185.04
614,6941,12,3409,5,2024-07-30,364.48
615,6945,47,604,4,2024-10-21,94.5
616,6970,10,5734,3,2025-12-10,196.08
617,6976,21,2725,4,2026-01-19,159.21
618,6978,3,4493,4,2025-12-13,98.32
619,6987,4,3206,3,2024-12-08,158.28
620,6999,1,5988,8,2025-04-14,1183.39
621,7022,28,1330,8,2025-05-15,415.87
622,7028,21,3394,4,2026-01-15,128.84
623,7038,11,4726,6,2024-09-27,114.31
624,7047,12,4583,5,2024-08-04,291.87
625,7053,16,321,2,2025-01-23,131.54
626,7054,37,3420,10,2025-01-07,151.37
627,7062,26,282,4,2025-11-03,99.39
628,7064,4,728,3,2025-01-30,145.16
629,7075,13,3827,9,2024-09-14,444.36
630,7082,38,4841,5,2025-11-22,219.98
631,7088,50,1757,5,2025-04-10,709.39
632,7094,8,4452,10,2025-07-25,55.72
633,7105,24,3067,9,2025-10-29,436.14
634,7127,7,4917,7,2026-06-08,26.31
635,7132,18,433,6,2025-04-15,111.36
636,7139,59,1642,7,2026-05-01,71.63
637,7163,7,1097,7,2026-06-06,92.08
638,7170,35,2584,10,2025-06-06,158.25
639,7174,14,5088,6,2024-11-19,85.0
640,7179,32,2912,9,2024-09-21,255.15
641,7196,58,3790,6,2025-05-30,184.84
642,7199,35,4017,10,2025-06-03,173.07
643,7216,39,2509,7,2024-11-29,98.47
644,7226,35,4997,10,2025-05-28,190.79
645,7228,18,1249,6,2025-04-09,50.79
646,7233,37,3749,10,2025-01-19,62.08
647,7243,29,715,7,2025-04-14,89.69
648,7251,47,3304,4,2024-10-09,189.02
649,7258,40,4376,6,2026-03-13,112.06
650,7266,60,2269,5,2025-04-30,259.83
651,7268,34,4080,8,2025-06-29,554.21
652,7269,9,1633,3,2024-09-18,133.09
653,7286,55,3987,7,2025-08-24,38.05
654,7292,6,2657,2,2025-02-05,130.88
655,7295,56,5408,1,2024-12-28,73.75
656,7301,6,4826,2,2025-02-20,116.78
657,7334,16,2617,2,2025-01-16,85.4
658,7335,45,5465,9,2026-05-07,319.93
659,7336,2,3078,10,2024-10-30,111.79
660,7361,43,1046,5,2026-01-19,522.77
661,7378,10,3083,3,2025-12-12,109.86
662,7382,22,1635,7,2024-10-19,45.84
663,7414,18,4090,6,2025-05-12,194.05
664,7433,46,5913,8,2025-01-12,324.85
665,7451,5,4572,2,2024-10-24,172.61
666,7466,41,1364,9,2026-01-26,558.82
667,7470,6,2524,2,2025-02-15,199.42
668,7474,58,914,6,2025-05-24,177.45
669,7481,26,272,4,2025-11-04,164.64
670,7491,55,5441,7,2025-08-09,62.41
671,7494,18,2449,6,2025-03-23,117.14
672,7501,50,5259,5,2025-03-31,770.73
673,7517,50,2984,5,2025-03-08,399.66
674,7519,55,5093,7,2025-08-01,25.27
675,7535,60,2382,5,2025-04-18,437.55
676,7566,17,36,1,2025-01-07,148.99
677,7582,47,2388,4,2024-10-04,186.79
678,7583,34,4555,8,2025-07-02,521.5
679,7605,17,2657,1,2024-12-02,107.29
680,7649,41,1366,9,2026-01-30,195.59
681,7671,37,1134,10,2025-01-26,197.24
682,7678,47,1159,4,2024-10-11,174.11
683,7682,9,268,3,2024-09-09,139.07
684,7683,36,1479,10,2025-03-18,81.36
685,7692,21,2795,4,2026-01-24,89.4
686,7710,58,1154,6,2025-05-06,74.44
687,7714,40,3332,6,2026-03-09,184.86
688,7717,57,3662,3,2024-11-25,58.25
689,7719,42,4750,3,2024-12-31,116.45
690,7730,16,4727,2,2025-01-24,143.07
691,7741,18,1269,6,2025-05-01,170.86
692,7769,41,1854,9,2026-02-01,417.08
693,7796,2,1650,10,2024-11-03,152.79
694,7808,29,1179,7,2025-05-15,119.3
695,7817,5,4955,2,2024-11-10,128.62
696,7845,52,4387,6,2025-03-02,58.49
697,7855,30,1556,10,2024-11-18,68.04
698,7871,34,2310,8,2025-06-26,1233.24
699,7896,24,2295,9,2025-11-11,536.94
700,7902,28,2899,8,2025-05-07,726.92
701,7919,24,2531,9,2025-11-06,233.35
702,7926,35,5599,10,2025-06-05,193.6
703,7931,19,2417,1,2025-05-15,94.36
704,7933,22,4364,7,2024-10-31,28.31
705,7962,19,5483,1,2025-05-07,98.73
706,7968,53,362,10,2026-05-11,91.48
707,7977,17,595,1,2024-12-17,169.38
708,7981,7,3034,7,2026-05-25,89.84
709,8019,52,3910,6,2025-03-08,67.72
710,8023,51,2335,3,2025-10-13,193.21
711,8027,15,5957,7,2026-04-27,44.99
712,8029,3,2770,4,2025-12-10,51.23
713,8041,29,2126,7,2025-04-22,44.68
714,8079,46,5285,8,2025-01-17,985.06
715,8108,40,978,6,2026-02-26,78.78
716,8136,20,5433,6,2025-05-20,197.89
717,8137,22,3085,7,2024-10-23,108.25
718,8160,15,4200,7,2026-04-24,72.77
719,8161,5,3522,2,2024-11-01,84.42
720,8162,33,2175,5,2026-02-19,498.41
721,8163,23,5392,10,2026-01-19,124.34
722,8178,50,2784,5,2025-04-07,473.92
723,8188,30,3104,10,2024-11-23,66.67
724,8193,6,3753,2,2025-01-16,107.83
725,8194,46,471,8,2025-01-06,932.3
726,8205,38,4531,5,2025-11-13,228.26
727,8206,35,5479,10,2025-06-01,158.61
728,8223,11,551,6,2024-08-30,196.39
729,8237,49,5873,4,2025-10-20,143.32
730,8243,24,4761,9,2025-10-06,194.05
731,8252,46,5288,8,2025-02-06,416.87
732,8263,43,4382,5,2026-01-24,668.65
733,8272,39,3660,7,2024-12-02,102.2
734,8286,44,1431,9,2025-01-04,500.96
735,8296,60,5552,5,2025-04-11,272.98
736,8319,24,5182,9,2025-11-08,311.0
737,8342,34,1111,8,2025-06-26,1161.12
738,8387,30,3212,10,2024-11-22,144.8
739,8395,41,324,9,2026-02-02,330.69
740,8427,27,3009,8,2024-10-31,878.76
741,8439,14,1598,6,2024-11-18,126.26
742,8455,24,2779,9,2025-11-11,381.35
743,8458,17,1139,1,2025-01-11,162.53
744,8473,53,2530,10,2026-05-13,99.79
745,8490,9,502,3,2024-09-04,172.66
746,8492,2,4353,10,2024-11-05,64.48
747,8496,52,5923,6,2025-03-17,119.4
748,8498,16,1073,2,2025-02-19,57.07
749,8507,17,2347,1,2025-01-06,154.84
750,8517,38,919,5,2025-11-12,583.73
751,8539,51,628,3,2025-09-18,171.57
752,8560,21,4486,4,2026-01-11,167.61
753,8573,37,5759,10,2025-01-02,108.0
754,8580,52,5120,6,2025-02-08,124.09
755,8594,45,203,9,2026-06-01,599.62
756,8608,31,4356,6,2025-01-26,95.39
757,8612,38,67,5,2025-11-22,577.65
758,8614,2,3483,10,2024-11-16,186.32
759,8617,53,1928,10,2026-05-13,122.61
760,8638,42,1255,3,2025-01-06,97.36
761,8655,19,4359,1,2025-04-24,166.57
762,8672,21,4253,4,2026-01-11,52.99
763,8691,6,4455,2,2025-02-25,195.2
764,8700,47,3663,4,2024-11-04,163.17
765,8706,55,1701,7,2025-08-23,86.36
766,8707,38,5720,5,2025-11-13,503.03
767,8733,4,4795,3,2025-01-20,164.22
768,8735,48,2041,10,2026-02-16,90.82
769,8745,57,629,3,2024-11-08,62.31
770,8749,9,2191,3,2024-08-28,69.94
771,8754,58,5833,6,2025-05-30,163.73
772,8775,56,2138,1,2024-12-25,149.8
773,8778,44,5899,9,2024-12-17,149.76
774,8781,57,5564,3,2024-11-07,56.66
775,8824,38,825,5,2025-11-21,776.59
776,8828,54,5595,5,2025-09-13,789.72
777,8837,42,769,3,2025-01-15,123.64
778,8843,50,355,5,2025-04-15,303.97
779,8853,53,2501,10,2026-05-17,157.89
780,8857,58,5671,6,2025-05-26,185.82
781,8860,10,129,3,2025-12-20,191.3
782,8874,45,4868,9,2026-05-09,139.63
783,8875,45,4666,9,2026-05-20,388.03
784,8880,47,3945,4,2024-10-28,74.71
785,8885,15,5438,7,2026-04-30,92.82
786,8893,32,1760,9,2024-09-30,512.69
787,8898,11,3341,6,2024-09-17,69.8
788,8900,53,531,10,2026-05-10,127.3
789,8907,7,1798,7,2026-06-01,110.46
790,8916,33,3089,5,2026-03-14,760.19
791,8925,46,4019,8,2025-02-08,988.14
792,8928,44,1856,9,2025-01-09,455.61
793,8935,19,4564,1,2025-04-08,57.37
794,8939,38,5988,5,2025-11-15,710.71
795,8959,19,4497,1,2025-04-23,133.25
796,8972,47,5551,4,2024-11-16,159.83
797,8976,23,1101,10,2026-01-17,139.87
798,8979,58,2345,6,2025-05-30,55.01
799,8982,49,163,4,2025-09-10,110.0
800,8986,27,211,8,2024-10-22,644.26
801,9014,8,2770,10,2025-07-19,102.58
802,9038,19,5092,1,2025-04-10,167.1
803,9039,7,1661,7,2026-05-25,37.16
804,9058,22,5571,7,2024-10-14,37.06
805,9059,36,4321,10,2025-03-27,178.66
806,9098,2,5238,10,2024-11-26,95.24
807,9105,36,412,10,2025-04-07,126.43
808,9109,49,2527,4,2025-10-23,171.38
809,9146,13,3264,9,2024-09-02,107.04
810,9160,39,4291,7,2024-12-13,35.79
811,9189,39,4577,7,2024-12-17,84.14
812,9190,22,3636,7,2024-10-30,99.76
813,9195,3,2430,4,2025-12-14,87.92
814,9203,24,3103,9,2025-10-31,358.68
815,9205,58,4984,6,2025-05-16,64.77
816,9209,5,3587,2,2024-10-19,65.44
817,9212,15,2427,7,2026-05-02,61.62
818,9220,26,1978,4,2025-11-04,153.05
819,9222,47,3951,4,2024-11-17,117.83
820,9232,20,243,6,2025-04-21,114.72
821,9236,26,5348,4,2025-11-02,64.66
822,9244,36,4366,10,2025-03-25,152.19
823,9246,20,4201,6,2025-05-12,190.78
824,9261,15,2332,7,2026-05-14,79.78
825,9283,7,5618,7,2026-05-24,66.37
826,9322,59,1649,7,2026-04-27,108.77
827,9340,9,1291,3,2024-09-06,84.56
828,9403,23,4453,10,2026-01-13,111.37
829,9404,45,3931,9,2026-04-29,150.39
830,9407,12,1487,5,2024-07-25,443.4
831,9410,11,55,6,2024-09-04,193.46
832,9431,13,3965,9,2024-09-09,553.99
833,9436,42,3919,3,2024-12-15,108.94
834,9440,44,1092,9,2025-01-05,274.51
835,9441,31,2980,6,2025-01-20,155.61
836,9451,35,5909,10,2025-05-27,57.37
837,9457,20,4740,6,2025-05-12,115.92
838,9469,15,646,7,2026-04-22,64.96
839,9478,44,4194,9,2025-01-05,158.94
840,9485,29,2930,7,2025-05-06,74.23
841,9488,45,4040,9,2026-05-30,428.78
842,9509,22,1851,7,2024-10-10,33.32
843,9524,55,3583,7,2025-07-22,64.77
844,9553,44,1543,9,2025-01-18,183.46
845,9555,20,2855,6,2025-05-16,161.81
846,9574,40,1608,6,2026-03-08,133.62
847,9593,9,4233,3,2024-09-11,59.74
848,9599,4,2844,3,2025-01-04,108.26
849,9600,12,1518,5,2024-07-25,269.85
850,9619,17,2819,1,2025-01-07,116.39
851,9630,33,4326,5,2026-01-28,273.67
852,9634,47,2008,4,2024-10-20,167.76
853,9652,7,2262,7,2026-06-02,115.47
854,9664,21,1955,4,2026-01-15,54.6
855,9665,20,911,6,2025-04-28,187.22
856,9670,36,482,10,2025-05-04,96.8
857,9677,55,5098,7,2025-07-22,22.66
858,9688,45,2610,9,2026-05-09,274.73
859,9692,31,4577,6,2025-01-28,184.53
860,9696,30,1949,10,2024-11-14,72.08
861,9702,33,498,5,2026-03-19,323.23
862,9722,13,3546,9,2024-09-06,595.14
863,9723,38,3915,5,2025-11-13,511.95
864,9741,46,1073,8,2025-01-14,685.2
865,9746,7,4447,7,2026-06-07,100.48
866,9749,44,4442,9,2024-12-30,453.1
867,9776,6,577,2,2025-01-17,76.74
868,9787,46,796,8,2025-02-06,1378.1
869,9827,41,1728,9,2026-01-26,241.5
870,9832,32,660,9,2024-10-14,326.37
871,9840,51,4628,3,2025-10-12,121.7
872,9869,50,4265,5,2025-04-15,629.5
873,9895,14,5119,6,2024-11-25,179.47
874,9911,56,2680,1,2024-12-18,144.95
875,9916,32,1873,9,2024-10-28,345.16
876,9923,58,4305,6,2025-05-31,61.26
877,9924,42,5232,3,2024-12-25,84.57
878,9931,41,280,9,2026-02-04,537.11
879,9944,44,1092,9,2024-12-05,576.66
880,9951,13,3860,9,2024-09-10,159.78
881,9954,29,73,7,2025-04-30,64.56
882,9967,26,964,4,2025-11-09,104.68
883,9981,25,445,9,2024-12-06,409.63
884,9982,56,4043,1,2024-12-21,139.26
885,9985,52,3011,6,2025-02-26,195.55
886,9987,7,3161,7,2026-05-31,69.82
887,10001,19,471,1,2025-04-15,88.8
888,10017,60,544,5,2025-04-13,639.69
889,10038,54,5463,5,2025-09-14,566.53
890,10040,24,158,9,2025-10-16,415.26
891,10041,31,4197,6,2025-01-27,53.13
892,10056,37,2926,10,2025-01-15,69.21
893,10081,27,1655,8,2024-11-03,426.71
894,10086,28,5923,8,2025-05-15,1335.05
895,10095,24,3285,9,2025-10-27,245.08
896,10100,40,5754,6,2026-03-14,182.5
897,10115,15,4929,7,2026-05-23,56.34
898,10117,56,3857,1,2024-12-20,158.96
899,10127,22,5800,7,2024-10-12,32.17
900,10130,16,3584,2,2025-03-12,79.74
901,10135,33,3772,5,2026-02-26,449.4
902,10136,31,5355,6,2025-01-29,65.2
903,10163,2,3624,10,2024-11-06,126.83
904,10173,34,3908,8,2025-07-03,1446.3
905,10188,27,1645,8,2024-10-25,723.98
906,10198,48,3866,10,2026-02-09,166.08
907,10218,36,3952,10,2025-03-24,138.58
908,10220,30,427,10,2024-11-28,151.61
909,10234,51,1797,3,2025-10-01,73.13
910,10263,45,4446,9,2026-04-16,545.17
911,10283,1,1702,8,2025-04-01,1190.62
912,10285,16,3673,2,2025-01-31,79.36
913,10299,41,2178,9,2026-02-03,281.07
914,10317,60,920,5,2025-04-30,442.24
915,10335,16,133,2,2025-02-15,178.08
916,10351,33,1823,5,2026-02-25,644.2
917,10359,44,5829,9,2024-12-20,293.58
918,10360,33,1427,5,2026-03-28,644.17
919,10365,27,1013,8,2024-10-27,1404.9
920,10379,11,1403,6,2024-09-21,55.25
921,10380,20,155,6,2025-05-31,172.01
922,10404,48,3032,10,2026-02-12,78.84
923,10406,40,244,6,2026-03-06,156.14
924,10413,20,776,6,2025-05-27,142.17
925,10421,48,4198,10,2026-02-12,78.64
926,10425,42,1229,3,2025-01-06,164.49
927,10432,57,4643,3,2024-11-15,56.08
928,10437,23,4692,10,2026-01-02,178.2
929,10438,2,5809,10,2024-11-09,183.34
930,10449,36,1282,10,2025-04-01,120.59
931,10466,10,2589,3,2025-12-11,104.12
932,10467,38,3911,5,2025-11-14,759.37
933,10474,28,2884,8,2025-04-22,957.8
934,10480,44,427,9,2024-12-22,560.66
935,10482,17,3517,1,2025-01-01,130.55
936,10483,40,2746,6,2026-03-12,186.69
937,10499,49,2727,4,2025-09-05,147.08
938,10521,32,3466,9,2024-10-30,416.44
939,10523,37,958,10,2025-01-06,138.86
940,10539,15,5180,7,2026-04-27,33.07
941,10568,58,3625,6,2025-05-04,112.47
942,10577,35,1530,10,2025-05-24,107.31
943,10579,44,4007,9,2024-12-04,357.75
944,10608,59,2167,7,2026-05-09,85.54
945,10611,37,3454,10,2025-01-05,69.33
946,10614,19,2190,1,2025-05-11,154.75
947,10619,45,3179,9,2026-05-27,276.55
948,10624,2,1774,10,2024-11-22,101.88
949,10632,55,1376,7,2025-08-13,31.17
950,10656,15,2186,7,2026-04-25,119.99
951,10692,41,1073,9,2026-02-22,524.05
952,10701,24,4150,9,2025-10-03,249.0
953,10716,54,3397,5,2025-09-11,513.59
954,10719,44,4949,9,2024-12-13,262.85
955,10741,17,4223,1,2024-12-23,182.28
956,10742,36,1975,10,2025-05-07,193.17
957,10753,30,5868,10,2024-12-01,121.26
958,10757,10,63,3,2025-12-18,56.75
959,10772,44,864,9,2024-12-10,276.69
960,10779,6,4100,2,2025-03-05,191.67
961,10784,8,2220,10,2025-08-07,198.62
962,10786,10,5967,3,2025-12-04,70.24
963,10806,49,4209,4,2025-10-07,167.78
964,10809,39,324,7,2024-12-12,89.15
965,10812,23,144,10,2026-01-15,67.18
966,10813,19,4698,1,2025-05-22,168.8
967,10815,47,3897,4,2024-10-01,78.83
968,10818,54,3673,5,2025-09-16,819.64
969,10845,12,2829,5,2024-07-30,600.83
970,10847,46,2620,8,2025-01-06,1076.92
971,10857,41,5345,9,2026-02-01,216.53
972,10879,24,4992,9,2025-10-17,586.65
973,10889,14,5296,6,2024-12-07,136.27
974,10908,38,2720,5,2025-11-11,515.6
975,10916,6,3383,2,2025-03-09,110.07
976,10926,10,2806,3,2025-12-21,158.57
977,10946,4,418,3,2024-12-20,67.29
978,10949,54,2795,5,2025-09-23,632.44
979,10973,32,3580,9,2024-09-30,454.46
980,10981,17,1937,1,2024-12-22,61.01
981,10982,30,1322,10,2024-11-17,156.49
982,11027,44,3110,9,2024-12-16,164.2
983,11030,7,2136,7,2026-06-04,28.38
984,11034,58,3469,6,2025-05-06,174.18
985,11043,33,5344,5,2026-02-28,667.36
986,11060,57,1288,3,2024-11-04,88.55
987,11094,27,2057,8,2024-10-24,1352.69
988,11108,46,4166,8,2025-01-30,1088.63
989,11121,60,3530,5,2025-04-28,379.01
990,11133,20,1408,6,2025-05-22,102.28
991,11134,8,1922,10,2025-08-02,81.54
992,11138,28,3711,8,2025-04-25,363.9
993,11154,15,3286,7,2026-05-27,58.25
994,11164,59,4263,7,2026-05-13,117.8
995,11172,47,2205,4,2024-10-20,54.37
996,11176,43,143,5,2026-01-31,643.13
997,11193,21,316,4,2026-01-23,151.23
998,11194,47,5682,4,2024-11-03,158.49
999,11197,7,2010,7,2026-06-04,48.79
1000,11200,46,374,8,2025-01-19,309.69
1001,11205,55,1736,7,2025-07-13,112.09
1002,11210,52,3969,6,2025-03-24,184.26
1003,11216,36,1669,10,2025-04-02,135.46
1004,11222,48,1126,10,2026-02-04,123.15
1005,11225,31,5192,6,2025-01-23,170.53
1006,11245,46,4594,8,2025-01-12,698.88
1007,11250,30,4986,10,2024-11-29,139.5
1008,11253,46,237,8,2025-01-10,632.26
1009,11258,57,5490,3,2024-11-12,161.65
1010,11282,53,1204,10,2026-05-06,168.97
1011,11293,16,5325,2,2025-02-24,156.59
1012,11304,25,332,9,2024-12-14,191.54
1013,11317,20,2599,6,2025-05-11,110.91
1014,11334,48,3955,10,2026-01-27,73.52
1015,11337,39,1723,7,2024-12-24,38.66
1016,11347,33,3745,5,2026-02-21,550.99
1017,11359,4,5684,3,2025-02-01,191.08
1018,11394,46,463,8,2025-01-19,774.47
1019,11398,23,1454,10,2026-01-10,163.09
1020,11401,31,2082,6,2025-01-28,90.37
1021,11416,47,1208,4,2024-10-07,192.07
1022,11421,58,2756,6,2025-06-04,161.86
1023,11426,28,5805,8,2025-04-17,505.49
1024,11439,45,2666,9,2026-04-10,535.7
1025,11445,8,4052,10,2025-07-27,98.94
1026,11448,54,2760,5,2025-09-22,765.56
1027,11456,13,750,9,2024-09-11,231.73
1028,11460,24,2467,9,2025-11-06,272.68
1029,11512,30,1387,10,2024-11-20,142.22
1030,11529,6,1896,2,2025-02-10,95.26
1031,11566,26,4295,4,2025-11-03,152.55
1032,11574,11,1566,6,2024-09-23,164.98
1033,11586,58,3113,6,2025-06-02,148.13
1034,11588,22,5427,7,2024-10-10,39.79
1035,11592,47,758,4,2024-11-09,104.71
1036,11597,29,2186,7,2025-05-22,75.27
1037,11646,11,1653,6,2024-08-20,194.49
1038,11661,44,4505,9,2024-12-19,260.95
1039,11674,47,2983,4,2024-10-23,80.95
1040,11676,7,1588,7,2026-06-01,34.49
1041,11678,19,2828,1,2025-04-28,95.93
1042,11708,31,4919,6,2025-02-02,197.9
1043,11734,18,2064,6,2025-03-26,111.18
1044,11752,51,4257,3,2025-09-02,164.82
1045,11754,7,4654,7,2026-05-20,116.75
1046,11758,57,4266,3,2024-10-10,190.93
1047,11797,57,4897,3,2024-11-10,56.2
1048,11800,17,5817,1,2024-12-25,192.23
1049,11814,57,2813,3,2024-10-30,134.67
1050,11816,16,5564,2,2025-02-19,63.4
1051,11873,35,330,10,2025-05-21,50.63
1052,11887,57,1303,3,2024-11-20,114.64
1053,11893,17,154,1,2025-01-03,145.61
1054,11896,13,4104,9,2024-09-18,480.29
1055,11909,25,4107,9,2025-01-10,563.26
1056,11921,13,2875,9,2024-09-07,160.22
1057,11928,48,1664,10,2026-01-27,75.85
1058,11965,32,4677,9,2024-10-25,220.01
1059,11973,15,3938,7,2026-05-02,56.65
1060,11981,12,3181,5,2024-08-01,351.76
1061,11982,26,1131,4,2025-11-01,87.6
1062,11990,31,5300,6,2025-01-19,155.36
1063,11994,8,5650,10,2025-08-14,181.47
1064,12000,33,317,5,2026-02-18,360.85
1065,12003,14,230,6,2024-12-01,111.33
1066,12033,13,2007,9,2024-09-15,529.99
1067,12036,23,796,10,2025-12-28,91.77
1068,12051,6,147,2,2025-02-23,58.92
1069,12067,38,4705,5,2025-11-18,260.3
1070,12072,48,3741,10,2026-02-04,163.84
1071,12104,37,227,10,2025-01-10,129.74
1072,12109,43,2495,5,2026-01-29,253.75
1073,12113,43,2776,5,2026-01-12,616.23
1074,12129,49,2854,4,2025-10-05,50.91
1075,12130,46,1324,8,2025-01-19,1188.15
1076,12155,26,1758,4,2025-11-08,149.55
1077,12158,23,40,10,2026-01-03,177.73
1078,12170,5,2063,2,2024-11-02,190.09
1079,12186,10,1978,3,2025-11-28,80.56
1080,12196,45,1790,9,2026-05-02,254.0
1081,12218,16,5272,2,2025-03-09,102.15
1082,12239,25,2592,9,2025-01-10,196.16
1083,12250,59,2778,7,2026-04-26,28.06
1084,12254,59,5669,7,2026-05-06,115.95
1085,12255,23,5358,10,2026-01-13,163.14
1086,12264,42,3132,3,2024-12-25,198.06
1087,12270,17,1513,1,2025-01-09,66.19
1088,12283,40,2382,6,2026-03-07,110.34
1089,12306,57,918,3,2024-10-16,162.7
1090,12330,10,3966,3,2025-12-08,51.51
1091,12343,18,2008,6,2025-04-11,76.83
1092,12345,33,238,5,2026-03-23,832.84
1093,12354,11,1542,6,2024-08-19,179.59
1094,12360,7,3859,7,2026-06-04,88.35
1095,12381,43,5863,5,2026-01-21,391.23
1096,12382,47,4087,4,2024-11-06,141.08
1097,12398,59,1861,7,2026-04-29,71.57
1098,12402,17,4996,1,2024-12-25,98.15
1099,12424,30,3858,10,2024-11-26,170.88
1100,12468,25,4038,9,2024-11-28,122.37
1101,12469,24,3107,9,2025-10-11,524.97
1102,12471,4,4128,3,2024-12-31,78.14
1103,12472,60,424,5,2025-04-13,789.36
1104,12476,12,1817,5,2024-08-01,786.29
1105,12481,35,2718,10,2025-05-29,172.46
1106,12503,41,130,9,2026-02-17,398.16
1107,12505,38,3340,5,2025-11-22,893.71
1108,12507,50,5591,5,2025-04-13,354.36
1109,12515,27,1937,8,2024-10-27,1133.23
1110,12525,36,3381,10,2025-04-26,110.24
1111,12529,15,2568,7,2026-04-21,72.7
1112,12535,17,4184,1,2024-12-05,180.82
1113,12541,56,3854,1,2024-12-17,167.13
1114,12542,56,2094,1,2024-12-20,191.82
1115,12543,34,2929,8,2025-06-18,563.18
1116,12582,19,1431,1,2025-05-07,84.02
1117,12597,36,4724,10,2025-04-29,108.62
1118,12598,34,489,8,2025-06-24,517.59
1119,12642,7,1430,7,2026-06-01,60.48
1120,12650,25,3224,9,2024-12-01,572.7
1121,12687,42,747,3,2024-12-26,97.95
1122,12688,13,5846,9,2024-09-03,199.57
1123,12691,19,2036,1,2025-05-20,87.53
1124,12692,38,2008,5,2025-11-21,283.18
1125,12715,43,2207,5,2026-01-26,344.54
1126,12767,25,2432,9,2024-11-23,217.97
1127,12768,30,1789,10,2024-11-21,79.23
1128,12779,29,63,7,2025-04-27,48.49
1129,12783,40,2139,6,2026-02-21,94.29
1130,12805,19,4979,1,2025-05-17,106.12
1131,12813,38,4984,5,2025-11-17,322.64
1132,12814,14,1541,6,2024-12-01,55.29
1133,12817,45,2885,9,2026-05-22,350.91
1134,12819,7,5592,7,2026-05-22,119.03
1135,12846,54,2207,5,2025-09-20,662.36
1136,12862,29,4146,7,2025-04-19,77.04
1137,12864,40,298,6,2026-03-09,152.48
1138,12867,42,5449,3,2024-12-09,73.06
1139,12869,47,2413,4,2024-10-11,188.78
1140,12871,40,2412,6,2026-03-15,197.89
1141,12872,31,5284,6,2025-01-29,78.85
1142,12876,39,1183,7,2024-12-17,110.31
1143,12885,18,5574,6,2025-04-01,101.88
1144,12893,44,3310,9,2024-12-22,553.14
1145,12906,41,5328,9,2026-02-18,164.24
1146,12914,14,3759,6,2024-12-08,161.79
1147,12924,41,924,9,2026-02-19,323.16
1148,12939,16,4322,2,2025-03-01,149.26
1149,12957,17,4923,1,2025-01-02,141.57
1150,12969,25,3471,9,2024-12-01,573.54
1151,12970,44,2630,9,2024-12-21,581.33
1152,12975,33,3655,5,2026-02-26,206.35
1153,12983,30,4254,10,2024-11-21,111.94
1154,13007,45,3347,9,2026-05-24,369.81
1155,13018,36,2713,10,2025-04-01,145.87
1156,13030,52,4253,6,2025-03-25,123.4
1157,13031,43,2724,5,2026-01-19,873.13
1158,13075,29,2431,7,2025-05-01,31.01
1159,13081,13,438,9,2024-09-05,232.13
1160,13083,59,4005,7,2026-04-26,74.62
1161,13086,46,1755,8,2025-02-02,1494.89
1162,13090,50,438,5,2025-05-03,248.5
1163,13092,21,1760,4,2026-01-23,102.51
1164,13116,25,510,9,2024-11-26,399.39
1165,13121,24,502,9,2025-11-01,115.75
1166,13136,22,2646,7,2024-11-04,72.78
1167,13144,45,137,9,2026-04-19,445.94
1168,13146,16,5790,2,2025-03-12,135.62
1169,13176,53,5102,10,2026-05-07,99.52
1170,13186,39,2723,7,2024-12-20,94.46
1171,13200,24,4149,9,2025-10-18,217.69
1172,13202,50,5566,5,2025-03-16,731.55
1173,13207,7,4561,7,2026-06-01,84.12
1174,13254,18,4465,6,2025-04-15,169.2
1175,13259,17,453,1,2024-12-11,106.29
1176,13263,7,3589,7,2026-05-22,36.61
1177,13272,45,2059,9,2026-04-04,144.94
1178,13284,48,2348,10,2026-01-27,104.56
1179,13300,30,2055,10,2024-11-28,163.34
1180,13308,3,2642,4,2025-12-17,148.7
1181,13309,10,471,3,2026-01-19,74.05
1182,13310,52,211,6,2025-04-07,123.27
1183,13322,51,4676,3,2025-09-23,195.99
1184,13328,27,1930,8,2024-11-02,752.82
1185,13343,6,2079,2,2025-02-07,88.52
1186,13346,55,2987,7,2025-08-21,38.97
1187,13353,59,4823,7,2026-04-30,108.92
1188,13389,58,659,6,2025-06-04,166.06
1189,13394,16,2464,2,2025-02-20,195.23
1190,13396,20,4513,6,2025-05-17,89.8
1191,13408,39,3779,7,2024-12-25,50.65
1192,13435,25,1127,9,2024-12-09,192.0
1193,13463,46,4986,8,2025-01-02,857.91
1194,13467,2,5827,10,2024-11-04,89.72
1195,13472,46,2205,8,2025-02-09,592.07
1196,13475,5,1864,2,2024-11-14,157.59
1197,13482,22,936,7,2024-10-26,57.46
1198,13483,32,1387,9,2024-11-05,310.21
1199,13486,22,3084,7,2024-10-15,64.96
1200,13505,60,2312,5,2025-05-01,592.17
1201,13532,48,2494,10,2026-01-25,59.4
1202,13533,41,3466,9,2026-02-19,304.08
1203,13560,25,2662,9,2024-12-21,174.34
1204,13567,11,5662,6,2024-09-25,99.32
1205,13571,55,3828,7,2025-07-29,27.93
1206,13579,53,1585,10,2026-05-16,91.38
1207,13583,16,3742,2,2025-01-29,174.41
1208,13584,10,3230,3,2025-12-28,65.36
1209,13610,23,1408,10,2026-01-18,80.26
1210,13614,9,5592,3,2024-08-30,155.15
1211,13629,54,4167,5,2025-09-21,243.01
1212,13635,14,2426,6,2024-12-17,67.82
1213,13670,30,1650,10,2024-11-21,157.71
1214,13687,25,511,9,2024-11-21,512.48
1215,13690,52,779,6,2025-03-12,110.66
1216,13693,25,3447,9,2024-11-14,472.45
1217,13696,59,4743,7,2026-04-22,88.42
1218,13698,44,2730,9,2025-01-01,267.31
1219,13765,19,5179,1,2025-05-01,196.34
1220,13771,48,1036,10,2026-01-27,155.5
1221,13773,24,3660,9,2025-10-12,162.11
1222,13774,46,4338,8,2025-01-30,1185.89
1223,13796,58,502,6,2025-05-31,85.18
1224,13809,18,2203,6,2025-05-04,172.99
1225,13817,27,5120,8,2024-10-25,395.98
1226,13821,14,5661,6,2024-11-29,106.27
1227,13829,6,3891,2,2025-01-31,78.97
1228,13830,6,267,2,2025-03-11,50.85
1229,13840,21,2239,4,2026-01-23,80.74
1230,13845,40,4970,6,2026-03-11,113.66
1231,13871,24,2763,9,2025-10-05,555.24
1232,13887,16,1595,2,2025-01-26,146.23
1233,13888,25,1068,9,2024-12-13,107.03
1234,13896,31,756,6,2025-02-01,155.75
1235,13903,46,3413,8,2025-01-20,1426.1
1236,13907,17,4772,1,2024-12-26,163.97
1237,13912,1,3143,8,2025-03-28,1182.42
1238,13957,54,3617,5,2025-09-08,626.13
1239,13968,23,2273,10,2026-01-18,169.13
1240,13970,14,44,6,2024-11-23,167.99
1241,13975,36,1454,10,2025-04-12,78.63
1242,13978,24,2044,9,2025-10-22,380.22
1243,13987,38,5861,5,2025-11-22,463.66
1244,13992,59,4941,7,2026-05-08,34.14
1245,14015,16,1374,2,2025-02-09,191.85
1246,14023,8,3327,10,2025-07-30,89.69
1247,14075,24,1654,9,2025-10-31,323.58
1248,14081,16,3790,2,2025-03-01,136.19
1249,14094,22,2662,7,2024-11-03,60.1
1250,14119,48,989,10,2026-02-07,104.46
1251,14135,31,1079,6,2025-01-18,95.29
1252,14146,53,3112,10,2026-05-22,95.43
1253,14152,45,5872,9,2026-04-27,580.51
1254,14158,37,1271,10,2025-01-24,148.3
1255,14163,6,691,2,2025-01-21,101.12
1256,14168,36,4601,10,2025-05-05,97.05
1257,14172,28,5564,8,2025-04-27,350.66
1258,14176,45,248,9,2026-04-17,529.68
1259,14181,33,3793,5,2026-03-17,405.55
1260,14213,53,2844,10,2026-05-18,186.44
1261,14214,60,2597,5,2025-04-25,399.4
1262,14227,32,3716,9,2024-09-21,538.18
1263,14237,48,2508,10,2026-02-07,67.35
1264,14239,29,5077,7,2025-05-12,103.02
1265,14241,32,774,9,2024-11-05,540.97
1266,14267,8,5137,10,2025-07-24,152.55
1267,14275,60,3146,5,2025-04-29,895.13
1268,14277,3,1936,4,2025-12-09,188.09
1269,14284,8,1229,10,2025-08-17,85.17
1270,14297,55,2248,7,2025-08-04,81.85
1271,14301,58,900,6,2025-05-10,189.29
1272,14310,46,532,8,2024-12-31,983.69
1273,14313,15,4722,7,2026-05-12,82.45
1274,14314,50,3016,5,2025-03-30,685.97
1275,14319,52,4258,6,2025-03-25,165.26
1276,14337,32,4975,9,2024-09-12,246.83
1277,14339,24,4258,9,2025-11-16,192.86
1278,14350,3,470,4,2025-12-04,98.57
1279,14370,52,4404,6,2025-03-06,167.76
1280,14371,43,3023,5,2026-01-16,879.58
1281,14374,34,4516,8,2025-07-03,1372.43
1282,14377,11,5767,6,2024-09-14,163.81
1283,14382,20,4275,6,2025-04-22,118.92
1284,14395,32,5924,9,2024-11-08,351.12
1285,14399,32,5670,9,2024-09-29,372.66
1286,14402,1,5335,8,2025-04-20,1063.91
1287,14404,53,3869,10,2026-05-22,160.24
1288,14412,21,1957,4,2026-01-14,117.83
1289,14421,26,5769,4,2025-10-30,179.95
1290,14426,13,3050,9,2024-09-14,313.04
1291,14431,10,5076,3,2025-12-18,93.94
1292,14453,10,2432,3,2026-01-09,102.3
1293,14458,38,1288,5,2025-11-21,529.44
1294,14461,46,1192,8,2024-12-27,790.46
1295,14469,26,5337,4,2025-11-03,78.43
1296,14491,57,1900,3,2024-11-20,184.22
1297,14496,4,2264,3,2024-12-26,182.28
1298,14499,46,4752,8,2024-12-30,832.85
1299,14555,14,5374,6,2024-12-11,194.05
1300,14567,18,1932,6,2025-04-06,91.87
1301,14575,5,1242,2,2024-10-31,96.93
1302,14578,56,2336,1,2024-12-22,147.24
1303,14591,57,3138,3,2024-11-13,195.94
1304,14597,34,1249,8,2025-06-23,648.08
1305,14644,39,5736,7,2024-12-05,55.53
1306,14659,49,5960,4,2025-09-29,190.93
1307,14677,27,1870,8,2024-10-31,1255.79
1308,14686,10,2733,3,2026-01-06,78.24
1309,14694,60,3158,5,2025-04-20,538.0
1310,14695,4,288,3,2024-12-19,63.09
1311,14700,1,4011,8,2025-04-05,510.77
1312,14709,60,749,5,2025-04-23,787.95
1313,14711,44,5798,9,2024-12-13,320.16
1314,14719,44,553,9,2024-12-15,174.17
1315,14720,52,3181,6,2025-03-12,106.16
1316,14721,32,1105,9,2024-09-19,117.75
1317,14726,12,5140,5,2024-07-25,694.69
1318,14737,39,5995,7,2024-12-01,28.87
1319,14748,56,1431,1,2024-12-18,82.43
1320,14759,39,5650,7,2024-12-20,33.86
1321,14770,44,5449,9,2024-12-21,457.45
1322,14778,35,506,10,2025-05-28,178.39
1323,14799,35,3107,10,2025-05-20,57.17
1324,14832,15,295,7,2026-05-14,34.91
1325,14835,56,5280,1,2024-12-25,178.34
1326,14874,16,3843,2,2025-02-18,154.73
1327,14882,11,5750,6,2024-08-25,72.81
1328,14907,7,564,7,2026-06-04,88.69
1329,14908,53,4148,10,2026-05-29,58.4
1330,14950,31,5376,6,2025-01-19,122.03
1331,14952,59,121,7,2026-04-25,34.09
1332,14954,10,817,3,2025-12-24,62.02
1333,14980,3,1068,4,2025-12-19,185.66
1334,14988,1,1696,8,2025-05-07,831.33
1335,14995,11,478,6,2024-09-07,141.91
1336,15021,31,3674,6,2025-02-01,134.23
1337,15041,16,5130,2,2025-02-05,82.2
1338,15043,33,544,5,2026-03-04,648.42
1339,15062,41,5008,9,2026-01-31,218.6
1340,15075,29,3453,7,2025-05-09,114.33
1341,15080,9,2814,3,2024-09-15,191.16
1342,15081,43,5319,5,2026-01-24,678.11
1343,15089,1,1069,8,2025-04-18,665.01
1344,15105,45,417,9,2026-04-16,167.99
1345,15106,38,3443,5,2025-11-13,884.17
1346,15129,19,1418,1,2025-04-29,194.89
1347,15132,33,4703,5,2026-03-21,426.87
1348,15147,19,5802,1,2025-05-15,86.06
1349,15168,8,5994,10,2025-07-18,134.87
1350,15177,24,3934,9,2025-10-25,214.08
1351,15194,47,5435,4,2024-11-17,92.06
1352,15198,59,4633,7,2026-04-30,100.29
1353,15199,12,5490,5,2024-07-27,656.8
1354,15208,53,5048,10,2026-05-08,72.21
1355,15216,31,2168,6,2025-01-22,70.67
1356,15225,34,550,8,2025-06-18,1092.14
1357,15226,32,2854,9,2024-11-03,201.93
1358,15231,8,4716,10,2025-07-25,193.43
1359,15246,28,2047,8,2025-05-02,741.15
1360,15247,12,2150,5,2024-08-07,840.43
1361,15281,6,5311,2,2025-01-20,51.06
1362,15313,45,3917,9,2026-05-15,436.45
1363,15318,17,2617,1,2024-12-11,94.18
1364,15329,54,5045,5,2025-09-12,421.43
1365,15338,14,2758,6,2024-12-06,131.46
1366,15345,50,543,5,2025-04-26,642.31
1367,15370,10,2789,3,2026-01-01,54.86
1368,15385,38,5025,5,2025-11-17,736.5
1369,15390,35,2105,10,2025-05-17,199.87
1370,15404,56,3272,1,2024-12-21,166.99
